{
    "mse": 731118440.8643517,
    "mae": 17955.67252282979,
    "r2": 0.6119781503438377
}
